{
  "data": {
    "card_list": [],
    "across_banner_list": [],
    "primary_filter": [
      {
        "code": 101065,
        "name": "美食",
        "url": "http://p1.meituan.net/jungle/bd3ea637aeaa2fb6120b6938b5e468a13442.png",
        "gray_url": "http://p1.meituan.net/jungle/a56275d9c97322e4c3b7663bd252b8726478.png",
        "gray_switch": 0,
        "skip_protocol": "channel?category_type=101065&category_text=%E7%BE%8E%E9%A3%9F",
        "sequence": 100,
        "brand_type": -1,
        "first_tag_codes": [],
        "second_tag_codes": [],
        "method": 1691832,
        "bubble": null
      },
      {
        "code": 20,
        "name": "美团超市",
        "url": "http://p0.meituan.net/jungle/6b93ee96be3df7cf2bb6e661280b047d3975.png",
        "gray_url": "http://p0.meituan.net/jungle/6b93ee96be3df7cf2bb6e661280b047d3975.png",
        "gray_switch": 0,
        "skip_protocol": "channel?category_type=20&category_text=%E7%BE%8E%E5%9B%A2%E8%B6%85%E5%B8%82",
        "sequence": 200,
        "brand_type": -1,
        "first_tag_codes": [],
        "second_tag_codes": [],
        "method": 1691832,
        "bubble": null
      },
      {
        "code": 21,
        "name": "生鲜果蔬",
        "url": "http://p0.meituan.net/jungle/f33ed552c52b4466b6308a2c14dbc62d4882.png",
        "gray_url": "http://p0.meituan.net/jungle/f33ed552c52b4466b6308a2c14dbc62d4882.png",
        "gray_switch": 0,
        "skip_protocol": "channel?category_type=21&category_text=%E7%94%9F%E9%B2%9C%E6%9E%9C%E8%94%AC",
        "sequence": 300,
        "brand_type": -1,
        "first_tag_codes": [],
        "second_tag_codes": [],
        "method": 1691832,
        "bubble": null
      },
      {
        "code": 101068,
        "name": "甜点饮品",
        "url": "http://p0.meituan.net/jungle/45816fffb346c194d58e961fde7c0fad4901.png",
        "gray_url": "http://p1.meituan.net/jungle/461a24456d08b3078d06b00fa48c479f6639.png",
        "gray_switch": 0,
        "skip_protocol": "channel?category_type=101068&category_text=%E7%94%9C%E7%82%B9%E9%A5%AE%E5%93%81",
        "sequence": 400,
        "brand_type": -1,
        "first_tag_codes": [],
        "second_tag_codes": [],
        "method": 1691832,
        "bubble": null
      },
      {
        "code": 101067,
        "name": "美团专送",
        "url": "http://p0.meituan.net/jungle/f51c34aea31bf3685be15dedde2632bc5391.png",
        "gray_url": "http://p0.meituan.net/jungle/ca853b7c6edc2ee64b313824f2e90e056892.png",
        "gray_switch": 0,
        "skip_protocol": "channel?category_type=101067&category_text=%E7%BE%8E%E5%9B%A2%E4%B8%93%E9%80%81",
        "sequence": 500,
        "brand_type": -1,
        "first_tag_codes": [],
        "second_tag_codes": [],
        "method": 1691832,
        "bubble": null
      },
      {
        "code": 950,
        "name": "正餐优选",
        "url": "http://p1.meituan.net/jungle/1543bbcb048218424e2420a6934e17b24236.png",
        "gray_url": "http://p0.meituan.net/jungle/ca853b7c6edc2ee64b313824f2e90e056892.png",
        "gray_switch": 0,
        "skip_protocol": "channel?category_type=950&category_text=%E6%AD%A3%E9%A4%90%E4%BC%98%E9%80%89",
        "sequence": 600,
        "brand_type": -1,
        "first_tag_codes": [],
        "second_tag_codes": [],
        "method": 1691832,
        "bubble": null
      },
      {
        "code": 101085,
        "name": "快餐小吃",
        "url": "http://p0.meituan.net/jungle/b528beea0749cb18dd34a38bd2439ed43867.png",
        "gray_url": "http://p1.meituan.net/jungle/d6f9a9f8cf9dce142e70376275e902336720.png",
        "gray_switch": 0,
        "skip_protocol": "channel?category_type=101085&category_text=%E5%BF%AB%E9%A4%90%E5%B0%8F%E5%90%83",
        "sequence": 700,
        "brand_type": -1,
        "first_tag_codes": [],
        "second_tag_codes": [],
        "method": 1691832,
        "bubble": null
      },
      {
        "code": 101083,
        "name": "汉堡披萨",
        "url": "http://p1.meituan.net/jungle/0e63b86b4ff14d214c1999a979fd21d14273.png",
        "gray_url": "http://p1.meituan.net/jungle/a56275d9c97322e4c3b7663bd252b8726478.png",
        "gray_switch": 0,
        "skip_protocol": "channel?category_type=101083&category_text=%E6%B1%89%E5%A0%A1%E6%8A%AB%E8%90%A8",
        "sequence": 800,
        "brand_type": -1,
        "first_tag_codes": [],
        "second_tag_codes": [],
        "method": 1691832,
        "bubble": null
      },
      {
        "code": 101072,
        "name": "地方菜",
        "url": "http://p1.meituan.net/jungle/b6033c2f9aa26cdf37ea24fb1346d2dc4690.png",
        "gray_url": "http://p1.meituan.net/jungle/461a24456d08b3078d06b00fa48c479f6639.png",
        "gray_switch": 0,
        "skip_protocol": "channel?category_type=101072&category_text=%E5%9C%B0%E6%96%B9%E8%8F%9C",
        "sequence": 900,
        "brand_type": -1,
        "first_tag_codes": [],
        "second_tag_codes": [],
        "method": 1691832,
        "bubble": null
      },
      {
        "code": 100182,
        "name": "免配送费",
        "url": "http://p0.meituan.net/jungle/f5ef975cae40ecc1a21dae61f44575d59129.png",
        "gray_url": "http://p1.meituan.net/jungle/461a24456d08b3078d06b00fa48c479f6639.png",
        "gray_switch": 0,
        "skip_protocol": "channel?category_type=100182&category_text=%E5%85%8D%E9%85%8D%E9%80%81%E8%B4%B9",
        "sequence": 1000,
        "brand_type": -1,
        "first_tag_codes": [],
        "second_tag_codes": [],
        "method": 1691832,
        "bubble": null
      },
      {
        "code": 100179,
        "name": "新商家",
        "url": "http://p1.meituan.net/jungle/d24bda7352a2af54dded09bdf532055b9416.png",
        "gray_url": "http://p1.meituan.net/jungle/d9fa3bf08f16ab2777172f0ae3be34af6827.png",
        "gray_switch": 0,
        "skip_protocol": "channel?category_type=100179&category_text=%E6%96%B0%E5%95%86%E5%AE%B6",
        "sequence": 1100,
        "brand_type": -1,
        "first_tag_codes": [],
        "second_tag_codes": [],
        "method": 1691832,
        "bubble": null
      },
      {
        "code": 100252,
        "name": "炸鸡零食",
        "url": "http://p0.meituan.net/jungle/0ce9a33a4accc536ac9e2d8d91951c924673.png",
        "gray_url": "http://p1.meituan.net/jungle/461a24456d08b3078d06b00fa48c479f6639.png",
        "gray_switch": 0,
        "skip_protocol": "channel?category_type=100252&category_text=%E7%82%B8%E9%B8%A1%E9%9B%B6%E9%A3%9F",
        "sequence": 1200,
        "brand_type": -1,
        "first_tag_codes": [],
        "second_tag_codes": [],
        "method": 1691832,
        "bubble": null
      },
      {
        "code": 1073,
        "name": "日韩料理",
        "url": "http://p0.meituan.net/jungle/99f0d73d4b47490cda27df873f415ebf4891.png",
        "gray_url": "http://p0.meituan.net/jungle/ca853b7c6edc2ee64b313824f2e90e056892.png",
        "gray_switch": 0,
        "skip_protocol": "channel?category_type=1073&category_text=%E6%97%A5%E9%9F%A9%E6%96%99%E7%90%86",
        "sequence": 1300,
        "brand_type": -1,
        "first_tag_codes": [],
        "second_tag_codes": [],
        "method": 1691832,
        "bubble": null
      },
      {
        "code": 101073,
        "name": "鲜花蛋糕",
        "url": "http://p1.meituan.net/jungle/76f6523e25c16df8641717ae1518c0235859.png",
        "gray_url": "http://p1.meituan.net/jungle/461a24456d08b3078d06b00fa48c479f6639.png",
        "gray_switch": 0,
        "skip_protocol": "channel?category_type=101073&category_text=%E9%B2%9C%E8%8A%B1%E8%9B%8B%E7%B3%95",
        "sequence": 1400,
        "brand_type": -1,
        "first_tag_codes": [],
        "second_tag_codes": [],
        "method": 1691832,
        "bubble": null
      },
      {
        "code": 100183,
        "name": "粥粉面",
        "url": "http://p1.meituan.net/jungle/3dfc65491265db3ffd14b8d4d3240d3a4123.png",
        "gray_url": "http://p1.meituan.net/jungle/d9fa3bf08f16ab2777172f0ae3be34af6827.png",
        "gray_switch": 0,
        "skip_protocol": "channel?category_type=100183&category_text=%E7%B2%A5%E7%B2%89%E9%9D%A2",
        "sequence": 1500,
        "brand_type": -1,
        "first_tag_codes": [],
        "second_tag_codes": [],
        "method": 1691832,
        "bubble": null
      }
    ],
    "bid_banner_list": [],
    "friend_feeds": {
      "logo": "",
      "feed_list": []
    },
    "bubble_max_num": 16
  },
  "code": 0,
  "msg": "成功"
}