{
  "data": {
    "list_types": [],
    "bottom_tips": "仅显示最近一年的外卖订单",
    "category": 0,
    "cursor": "",
    "uncomment_count": 1,
    "has_unread_refund_order": 0,
    "refund_count": 0,
    "digestlist": [
      {
        "wm_order_id": 26369341039195665,
        "hash_id": "26369341039195665",
        "status": 8,
        "status_description": "订单完成",
        "poi_name": "十七味黄焖鸡米饭（南新店）",
        "poi_pic": "http://p1.meituan.net/waimaipoi/957ad35a1ca2ff8408f0f5c6ca0758ab32768.jpg",
        "wm_poi_id": 306227873113610,
        "total": 21.52,
        "order_time": 1525057616,
        "is_comment": 0,
        "comment_status": 0,
        "comment": {
          "ship_score": 0,
          "ship_time": 0,
          "comment": "",
          "order_comment_score": 0,
          "praise_food_tip": ""
        },
        "app_delivery_tip": "由美团快送提供配送服务",
        "has_status_bubble": 0,
        "poi_phone_list": [],
        "pay_status": 3,
        "logistics_status": 40,
        "wm_order_pay_type": 2,
        "remain_pay_time": 0,
        "wm_poi_valid": 1,
        "poi_source_id": 1,
        "longitude": 113916648,
        "latitude": 22531532,
        "order_again_switch": 1,
        "order_id": 10089910774,
        "is_deletable": 1,
        "source_order_code": "",
        "product_list": [
          {
            "spuId": 0,
            "product_name": "配套折扣煎蛋",
            "product_count": 1
          },
          {
            "spuId": 0,
            "product_name": "（大份）鲜指天椒黄焖鸡米饭+青菜",
            "product_count": 1
          }
        ],
        "product_kinds": 2,
        "product_count": 2,
        "plat_from": 0,
        "order_source": 7,
        "estimate_arrival_time": 0,
        "button_list": [
          {
            "code": 1001,
            "title": "再来一单",
            "click_url": "",
            "priority": 60,
            "highlight": 0
          },
          {
            "code": 2010,
            "title": "评价",
            "click_url": "",
            "priority": 50,
            "highlight": 1
          }
        ],
        "business_type": 0,
        "scheme": "",
        "wm_poi_view_id": "306227873113610"
      },
      {
        "wm_order_id": 4945784281702787,
        "hash_id": "4945784281702787",
        "status": 9,
        "status_description": "订单取消",
        "poi_name": "深圳麦当劳前海餐厅",
        "poi_pic": "http://p0.meituan.net/waimaipoi/aa86bc1b9a218ea5e094b861c03b59b94873.jpg",
        "wm_poi_id": 435175676223011,
        "total": 313.0,
        "order_time": 1524493468,
        "is_comment": 0,
        "comment_status": 1,
        "comment": {
          "ship_score": 0,
          "ship_time": 0,
          "comment": "",
          "order_comment_score": 0,
          "praise_food_tip": ""
        },
        "app_delivery_tip": "由 商家 提供配送服务",
        "has_status_bubble": 0,
        "poi_phone_list": [],
        "pay_status": 1,
        "logistics_status": 0,
        "wm_order_pay_type": 2,
        "remain_pay_time": 0,
        "wm_poi_valid": 1,
        "poi_source_id": 1,
        "longitude": 113917168,
        "latitude": 22530784,
        "order_again_switch": 1,
        "order_id": 9970715715,
        "is_deletable": 1,
        "source_order_code": "",
        "product_list": [
          {
            "spuId": 0,
            "product_name": "麦乐送专享 五五开黑餐 送5张闪卡",
            "product_count": 1
          },
          {
            "spuId": 0,
            "product_name": "美团王者双人餐 送2张闪卡",
            "product_count": 1
          }
        ],
        "product_kinds": 2,
        "product_count": 2,
        "plat_from": 0,
        "order_source": 4,
        "estimate_arrival_time": 0,
        "button_list": [
          {
            "code": 1001,
            "title": "再来一单",
            "click_url": "",
            "priority": 60,
            "highlight": 0
          }
        ],
        "business_type": 0,
        "scheme": "",
        "wm_poi_view_id": "435175676223011"
      },
      {
        "wm_order_id": 16170042065453392,
        "hash_id": "16170042065453392",
        "status": 8,
        "status_description": "订单完成",
        "poi_name": "谷麦轩煲仔饭现炒快餐",
        "poi_pic": "http://p0.meituan.net/waimaipoi/333d0a7946d5ec23f89593016526e13b40960.jpg",
        "wm_poi_id": 524545355722178,
        "total": 20.8,
        "order_time": 1524309867,
        "is_comment": 0,
        "comment_status": 1,
        "comment": {
          "ship_score": 0,
          "ship_time": 0,
          "comment": "",
          "order_comment_score": 0,
          "praise_food_tip": ""
        },
        "app_delivery_tip": "由美团快送提供配送服务",
        "has_status_bubble": 0,
        "poi_phone_list": [],
        "pay_status": 3,
        "logistics_status": 40,
        "wm_order_pay_type": 2,
        "remain_pay_time": 0,
        "wm_poi_valid": 1,
        "poi_source_id": 1,
        "longitude": 113916584,
        "latitude": 22531260,
        "order_again_switch": 1,
        "order_id": 9924746863,
        "is_deletable": 1,
        "source_order_code": "",
        "product_list": [
          {
            "spuId": 0,
            "product_name": "煎蛋",
            "product_count": 1
          },
          {
            "spuId": 0,
            "product_name": "肉沫四季豆煲仔饭（微辣）",
            "product_count": 1
          },
          {
            "spuId": 0,
            "product_name": "加辣",
            "product_count": 1
          }
        ],
        "product_kinds": 5,
        "product_count": 5,
        "plat_from": 0,
        "order_source": 7,
        "estimate_arrival_time": 0,
        "button_list": [
          {
            "code": 1001,
            "title": "再来一单",
            "click_url": "",
            "priority": 60,
            "highlight": 0
          }
        ],
        "business_type": 0,
        "scheme": "",
        "wm_poi_view_id": "524545355722178"
      },
      {
        "wm_order_id": 4222323158934634,
        "hash_id": "4222323158934634",
        "status": 8,
        "status_description": "订单完成",
        "poi_name": "小橙都古法冒菜（南新店）",
        "poi_pic": "http://p1.meituan.net/waimaipoi/8b2b00292ed6f2ed762858485c66a32a536824.jpg",
        "wm_poi_id": 464806655577077,
        "total": 24.0,
        "order_time": 1523763633,
        "is_comment": 0,
        "comment_status": 1,
        "comment": {
          "ship_score": 0,
          "ship_time": 0,
          "comment": "",
          "order_comment_score": 0,
          "praise_food_tip": ""
        },
        "app_delivery_tip": "由美团专送提供高品质送餐服务",
        "has_status_bubble": 0,
        "poi_phone_list": [],
        "pay_status": 3,
        "logistics_status": 40,
        "wm_order_pay_type": 2,
        "remain_pay_time": 0,
        "wm_poi_valid": 1,
        "poi_source_id": 1,
        "longitude": 113916680,
        "latitude": 22531382,
        "order_again_switch": 1,
        "order_id": 9800299872,
        "is_deletable": 1,
        "source_order_code": "",
        "product_list": [
          {
            "spuId": 0,
            "product_name": "鱼豆腐",
            "product_count": 1
          },
          {
            "spuId": 0,
            "product_name": "中辣",
            "product_count": 1
          },
          {
            "spuId": 0,
            "product_name": "腐竹",
            "product_count": 1
          }
        ],
        "product_kinds": 7,
        "product_count": 7,
        "plat_from": 0,
        "order_source": 7,
        "estimate_arrival_time": 0,
        "button_list": [
          {
            "code": 1001,
            "title": "再来一单",
            "click_url": "",
            "priority": 60,
            "highlight": 0
          }
        ],
        "business_type": 0,
        "scheme": "",
        "wm_poi_view_id": "464806655577077"
      },
      {
        "wm_order_id": 33779311016392491,
        "hash_id": "33779311016392491",
        "status": 8,
        "status_description": "订单完成",
        "poi_name": "饭萌（桃园店）",
        "poi_pic": "http://p1.meituan.net/waimaipoi/9b366e135ac72f591c2013a6cb0df04f35987.jpg",
        "wm_poi_id": 356053788686811,
        "total": 18.5,
        "order_time": 1523672032,
        "is_comment": 0,
        "comment_status": 1,
        "comment": {
          "ship_score": 0,
          "ship_time": 0,
          "comment": "",
          "order_comment_score": 0,
          "praise_food_tip": ""
        },
        "app_delivery_tip": "由美团快送提供配送服务",
        "has_status_bubble": 0,
        "poi_phone_list": [],
        "pay_status": 3,
        "logistics_status": 40,
        "wm_order_pay_type": 2,
        "remain_pay_time": 0,
        "wm_poi_valid": 1,
        "poi_source_id": 1,
        "longitude": 113916696,
        "latitude": 22531462,
        "order_again_switch": 1,
        "order_id": 9774288243,
        "is_deletable": 1,
        "source_order_code": "",
        "product_list": [
          {
            "spuId": 0,
            "product_name": "香辣口水鸡饭.",
            "product_count": 1
          }
        ],
        "product_kinds": 1,
        "product_count": 1,
        "plat_from": 0,
        "order_source": 7,
        "estimate_arrival_time": 0,
        "button_list": [
          {
            "code": 1001,
            "title": "再来一单",
            "click_url": "",
            "priority": 60,
            "highlight": 0
          }
        ],
        "business_type": 0,
        "scheme": "",
        "wm_poi_view_id": "356053788686811"
      },
      {
        "wm_order_id": 4222321085269066,
        "hash_id": "4222321085269066",
        "status": 8,
        "status_description": "订单完成",
        "poi_name": "小橙都古法冒菜（南新店）",
        "poi_pic": "http://p1.meituan.net/waimaipoi/8b2b00292ed6f2ed762858485c66a32a536824.jpg",
        "wm_poi_id": 464806655577077,
        "total": 28.0,
        "order_time": 1521372051,
        "is_comment": 1,
        "comment_status": 1,
        "comment": {
          "ship_score": 0,
          "ship_time": 0,
          "comment": "",
          "order_comment_score": 0,
          "praise_food_tip": ""
        },
        "app_delivery_tip": "由美团专送提供高品质送餐服务",
        "has_status_bubble": 0,
        "poi_phone_list": [],
        "pay_status": 3,
        "logistics_status": 40,
        "wm_order_pay_type": 2,
        "remain_pay_time": 0,
        "wm_poi_valid": 1,
        "poi_source_id": 1,
        "longitude": 113916688,
        "latitude": 22531388,
        "order_again_switch": 1,
        "order_id": 9281226973,
        "is_deletable": 1,
        "source_order_code": "",
        "product_list": [
          {
            "spuId": 0,
            "product_name": "大辣",
            "product_count": 1
          },
          {
            "spuId": 0,
            "product_name": "鱼豆腐",
            "product_count": 1
          },
          {
            "spuId": 0,
            "product_name": "鹌鹑蛋",
            "product_count": 1
          }
        ],
        "product_kinds": 9,
        "product_count": 9,
        "plat_from": 0,
        "order_source": 7,
        "estimate_arrival_time": 0,
        "button_list": [
          {
            "code": 1001,
            "title": "再来一单",
            "click_url": "",
            "priority": 60,
            "highlight": 0
          }
        ],
        "business_type": 0,
        "scheme": "",
        "wm_poi_view_id": "464806655577077"
      }
    ],
    "has_unread_comment_order": 0,
    "type": 1,
    "hasmore": 1,
    "recent_eat": {
      "poi_count_desc": "",
      "poi_count": 0,
      "title": "",
      "poi_list": []
    }
  },
  "code": 0,
  "msg": "成功"
}