{
  "data": {
    "id": 464806655249397,
    "status": 1,
    "status_desc": "",
    "name": "小橙都古法冒菜（南新店）",
    "call_center": "15118120697",
    "phone_list": [
      "15118120697"
    ],
    "address": "深圳市南山区南新路2084号(田夏商业大厦)(田夏商业大厦1楼)",
    "pic_url": "http://p1.meituan.net/waimaipoi/8b2b00292ed6f2ed762858485c66a32a536824.jpg",
    "shipping_time": "10:00-23:20",
    "shipping_fee": 3.0,
    "min_price": 20.0,
    "bulletin": "亲，为了更符合您的口味，点餐时口味必选哦！没选口味的亲，本店就默认做微辣哦",
    "wm_poi_score": 4.6,
    "in_time_delivery_percent": 86,
    "in_time_delivery_percent_ranking": 75,
    "avg_accept_order_time": 0,
    "avg_accept_order_time_ranking": 0,
    "avg_delivery_time": 40,
    "avg_delivery_time_ranking": 55,
    "comment_num": 5404,
    "discounts2": [
      {
        "id": -1,
        "type": 10,
        "info": "该商家支持在线支付",
        "icon_url": "http://p1.meituan.net/xianfu/32200c3060be7903f62c9076308619ee734.png",
        "use_icon_from_server": 1,
        "display_code": 1,
        "sequence": 51
      }
    ],
    "app_delivery_tip": "",
    "warn_tips": "",
    "support_pay": 1,
    "invoice_support": 0,
    "remind_count": 0,
    "remind_tip": "",
    "is_favorite": 0,
    "show_info": [
      {
        "name": "商家评分",
        "value": "4.6",
        "unit": "分",
        "is_score": true
      },
      {
        "name": "平均速度",
        "value": "40",
        "unit": "分钟",
        "is_score": false
      },
      {
        "name": "及时送达",
        "value": "86",
        "unit": "%",
        "is_score": false
      }
    ],
    "can_use_coupon": 1,
    "remind_infos": [],
    "comments": [],
    "brand_type": 24999,
    "poi_qualification": [
      "http://p0.meituan.net/xianfu/bf19daa0cc38aacc8ad5041f93000a3a34620.jpg",
      "http://p0.meituan.net/xianfu/1bc249de70fd3116981f268783c2c64348522.jpg"
    ],
    "poi_delivery_content1": "",
    "poi_delivery_content2": "",
    "food_score": 0.0,
    "delivery_score": 0.0,
    "story_info": {
      "top_pic": "",
      "video_icon": "",
      "title": "",
      "entrance_url": ""
    },
    "new_promotion": 0,
    "buz_code": 0,
    "buz_type": 0,
    "month_sale_num": 0,
    "delivery_type": 1,
    "mt_delivery_info": {
      "mt_delivery_tags": [
        "送货快",
        "准时到"
      ],
      "mt_delivery_tip": "提供高品质送餐服务"
    },
    "poi_env": {
      "show": false,
      "thumbnails_url": "",
      "instead_poi_id": 0,
      "thumbnails_url_list": [],
      "has_more": false
    },
    "poi_report": {
      "show": false,
      "content": null,
      "url": null
    },
    "poi_qualify_info": {
      "show": true,
      "content": "查看食品安全档案",
      "url": "http://i.waimai.meituan.com/poi/qualification/464806655249397"
    },
    "share_tip": {
      "channels": [],
      "description": "",
      "description_icon": "",
      "share_button_icon": "",
      "activity_id": 0,
      "share_info": {
        "icon": "",
        "title": "",
        "content": "",
        "url": "",
        "weixin_url": ""
      }
    },
    "latitude": 22531740,
    "longitude": 113919219,
    "distance": "0.3km",
    "shipping_fee_tip": "配送 ¥3",
    "origin_shipping_fee_tip": "",
    "min_price_tip": "起送 ¥20",
    "delivery_time_tip": "40分钟",
    "poi_sell_status": 1,
    "head_pic_url": "",
    "promotion_head_pic_url": "",
    "poi_service": []
  },
  "code": 0,
  "msg": "成功"
}